id,redshift,chandra_Lx,chi2,H10_flux,H9_flux,H8_flux,Heps_flux,Hdelta_flux,Hgamma_flux,Hbeta_flux,Halpha_flux,[OII]3726_flux,[OII]3729_flux,[SII]6716_flux,[SII]6731_flux,[NeIII]3968_flux,[NeIII]3869_flux,HeII4687_flux,HeI5876_flux,[OIII]5007_d_flux,[OI]6300_d_flux,[NII]6583_d_flux,Hgamma_b_flux,Hbeta_b_flux,Halpha_b_flux,H10_err,H9_err,H8_err,Heps_err,Hdelta_err,Hgamma_err,Hbeta_err,Halpha_err,[OII]3726_err,[OII]3729_err,[SII]6716_err,[SII]6731_err,[NeIII]3968_err,[NeIII]3869_err,HeII4687_err,HeI5876_err,[OIII]5007_d_err,[OI]6300_d_err,[NII]6583_d_err,Hgamma_b_err,Hbeta_b_err,Halpha_b_err,H10_ew,H9_ew,H8_ew,Heps_ew,Hdelta_ew,Hgamma_ew,Hbeta_ew,Halpha_ew,[OII]3726_ew,[OII]3729_ew,[SII]6716_ew,[SII]6731_ew,[NeIII]3968_ew,[NeIII]3869_ew,HeII4687_ew,HeI5876_ew,[OIII]5007_d_ew,[OI]6300_d_ew,[NII]6583_d_ew,Hgamma_b_ew,Hbeta_b_ew,Halpha_b_ew
AEGIS_0552,5.68445,2.27E+44,1.932304593,0,6.850680868,33.75607343,0,19.72463135,0,82.02448486,2756.237767,55.67914009,22.56250118,155.2258145,0,28.87784049,0,6.637588939,0,209.2319316,106.3695883,0,83.33348167,109.7140403,1580.700149,6.314131759,6.801604981,7.989703991,53.82854023,6.094057778,12.359237,12.773254,29.50172713,47.43037587,47.50917451,27.74379457,28.69696009,54.0585893,8.438669287,7.251806636,11.16355227,9.500562105,15.32433287,33.40543146,18.22241577,19.41850946,37.55955724,0,2.86022614,11.68151702,0,6.8606609,0,22.46183169,277.818286,25.64026975,10.12313948,14.64136257,0,11.16119455,0,1.690290072,0,40.33802215,11.99735328,0,24.6523707,30.04442286,159.3285642
CDF-N_0147,5.18,1.13E+44,1.670292132,nan,nan,nan,nan,nan,nan,0,1085.835946,nan,nan,135.6375387,130.0173504,nan,nan,0.765666822,67.94621149,0,203.6559984,341.1851451,nan,177.436883,6476.019355,nan,nan,nan,nan,nan,nan,12.15002443,16.34961402,nan,nan,12.48768641,12.54461257,nan,nan,17.83069383,10.95473217,12.42572585,27.16214548,23.69505059,nan,30.62191972,54.08353121,nan,nan,nan,nan,nan,nan,0,41.51135458,nan,nan,5.907712115,5.752413798,nan,nan,0.018522685,2.750488257,0,8.9135836,13.47066444,nan,4.388699604,247.5773036
UDS_0113,5.1537,4.99E+44,2.013256295,15.09579449,42.74563052,68.10380786,33.59943727,82.1749879,0,135.4372304,1296.634593,67.39280511,0,0,28.85659467,14.98051893,36.3437994,0,26.58140831,916.3238181,0,0,168.48351,84.15531859,485.5705398,11.41974639,12.52605864,15.42697955,91.98581577,10.57646408,28.34703977,23.28052463,26.4107142,96.2565603,95.94183404,26.32894361,25.72735623,93.02516844,16.24105656,10.36560873,12.59351239,12.97361321,17.35520046,41.39684988,38.64068061,32.35929269,59.62843416,11.33347842,37.68091618,60.79213578,23.34826368,42.67186884,0,41.20542785,474.4495674,50.81326521,0,0,10.90879664,10.40996917,28.24492362,0,7.285760047,241.3261401,0,0,77.50611948,25.60341715,177.6743685
CDF-S_0041,4.8211,-7.31E+42,0.888763803,10.62902615,104.937736,0,46.60718774,11.86114812,0,0,76.04199056,103.4701547,0,1.258462108,14.7993236,0,0,0,5.40760019,177.6714374,33.90526586,10.8427419,0,0,154.3601247,25.7483014,31.83619609,37.2368992,258.8138097,24.33339545,48.49898005,42.35782272,52.4148384,217.6907135,217.3183201,55.24127758,59.63001418,259.8128128,43.11040478,22.0943838,24.40198528,25.58447903,30.89209347,79.11264488,67.68951404,58.73610825,88.50369196,1.573678814,14.76348188,0,5.991693873,1.453488521,0,0,16.03669624,16.94857532,0,0.273732283,3.257465584,0,0,0,0.987820881,24.77526804,6.456659055,2.333644631,0,0,32.5534144
UDS_0269,4.554766667,4.71E+44,11.81908249,0,0,848.6239361,0,1967.225222,626.9172756,2369.606259,17952.03733,0,860.043677,411.4112664,0,1107.027676,338.0804101,193.6051279,1744.482876,4346.010268,558.0430368,7971.778978,6490.658563,14376.68645,29390.72946,91.45079232,115.121521,140.4935148,881.4078196,82.00663488,176.3198776,148.860247,212.8238908,805.9696651,801.8219325,213.5951024,221.3263438,880.2553256,165.3945418,86.81198541,75.34284374,78.80002243,109.0829951,263.8672642,260.7067303,215.6387641,256.5090355,0,0,3.144465407,0,8.403157388,2.684795507,12.43583668,113.2354224,0,3.134721877,2.917508975,0,4.354749581,1.224328935,0.803637853,11.1608057,18.70767281,3.487295763,51.01539379,27.79647591,75.44971826,185.3868508
CDF-N_0025,4.41384,5.64E+42,0.940467313,0,0,178.9795987,0,195.2860463,0,195.0948627,0,0,338.3571645,138.2581129,42.66794107,99.51797594,0,26.39462204,48.11040733,1156.035279,89.6281707,0,80.6074231,0,931.5746027,36.72657384,45.99139261,55.4513339,321.7744711,28.17247186,267.4471186,236.040885,512.45757,333.839773,337.6420198,74.9635343,74.38991927,322.7595593,65.20308461,24.34417018,25.02189872,27.22820471,30.37020768,172.9371789,266.5460957,236.4513893,391.027207,0,0,16.75824091,0,20.46456502,0,26.25716749,0,0,29.84555145,42.82969529,13.28547167,10.08755569,0,3.072561384,9.53781829,149.611638,22.00243039,0,8.884114412,0,288.4383344
CDF-N_0241,4.139866667,6.36E+43,0.60582917,0,0,0,0,0,64.72529185,128.475508,0,17.25399494,105.6235951,0,502.1854272,0,15.68127699,142.4794365,0,1150.736105,108.273763,0,65.97528275,164.5594651,5407.167937,63.81283465,81.94522033,94.18394087,611.8374407,49.51944555,104.7040767,95.41944533,596.3925688,592.0328593,590.685211,163.8782921,162.3577024,615.3184602,116.3281828,43.47000905,50.7223852,53.40279468,63.41352504,1355.864997,103.3323016,95.67596611,733.8064384,0,0,0,0,0,3.157861375,6.806508983,0,1.001378196,6.130126118,0,24.37323429,0,0.823693121,6.991528198,0,55.0465311,5.239807045,0,3.218846777,8.71820236,265.4525472
CDF-N_0601,4.1314,5.69E+43,0.454250639,0,70.46112949,0,0,0,73.36478738,143.909163,1056.41932,163.7956876,0,176.7543802,123.3578249,175.5956262,0,68.88868504,35.6474054,335.6111858,95.69104175,522.7613255,200.2897643,0,301.7259304,71.41426094,81.71356548,90.52763204,586.2541173,53.62062423,134.530847,113.7532747,142.9415958,641.3535103,626.6520331,129.7524617,131.4217751,586.960131,105.9293847,48.7002947,50.37097038,61.88140524,62.4124536,223.3580965,168.8313398,153.0091699,224.5748484,0,39.31081293,0,0,0,17.96669553,36.43680735,178.9895763,65.32095151,0,27.49615929,19.18971626,68.15147542,0,14.79476659,5.681433954,72.11343579,14.56289643,81.89807674,49.0500326,0,51.12155318
UDS_0383,3.981033333,1.08E+44,1.504555291,2.049071161,16.2730124,38.9046807,0,27.84646005,0,17.04913963,70.69471424,0,0,19.62349128,35.57353456,57.16180678,0,29.30082227,0,65.36226316,0,168.1209942,0,0,139.5929898,17.98476169,21.49117682,24.61215697,157.5348605,15.22967536,30.93635009,26.81105352,24.57460187,163.7549212,164.5076263,27.13502744,27.75220196,157.9587286,27.87354831,13.70537835,12.17351102,15.06744094,15.92744997,36.3071257,42.40552269,38.10063942,44.11798781,0.268401011,1.997173191,4.040016463,0,2.437339633,0,1.321157376,5.875107062,0,0,1.489162346,2.699558781,5.867130964,0,2.027434548,0,4.725822712,0,13.97174952,0,0,11.6009205
UDS_0099,3.94665,1.43E+44,0.546185942,236.0446655,268.4833614,286.4030779,175.0806474,130.0090454,0,42.9115381,806.8604422,0,355.2003052,92.55569521,0,0,0,102.3372502,0,290.7636874,0,86.4381791,0,0,558.1316008,47.57568373,67.1495169,81.28184449,456.7222179,36.20537334,92.95652856,88.4989937,196.6985833,434.8399725,432.7002203,118.1277394,114.0432662,456.8680639,99.42780187,32.65839965,34.60897932,40.84022313,42.48950125,157.5787265,99.01203953,94.22008925,106.7466953,19.39821854,21.3030082,19.59792011,9.996784548,6.186147377,0,2.187303162,47.94211357,0,35.81112716,5.212341378,0,0,0,4.34306998,0,13.12679234,0,5.135992277,0,0,33.16311867
UDS_0096,3.941966667,9.23E+44,5.432300991,0,453.6056317,0,21.15931591,249.6052055,0,372.7483142,1522.555448,0,489.8133584,41.11825115,212.6109327,363.9562487,782.2789946,282.7467814,138.2345112,13746.4852,356.5257258,18.24582206,576.8320646,541.9929537,5116.852422,78.69146775,110.0164226,122.1107251,765.3637706,56.66529635,268.9776609,212.1099697,175.4328436,804.9551522,814.5521643,154.9307396,152.0503311,758.9985838,159.993531,54.22581925,55.18215759,59.50584084,61.36121158,492.1235547,273.6130657,215.5351958,519.3601284,0,15.39889104,0,0.645373724,6.908812473,0,11.25657331,69.76657818,0,18.22130364,2.054013479,10.62072703,11.10091653,25.21852525,7.646865684,5.291096846,409.2138507,14.97420373,0.867304676,15.70320272,16.3675681,234.4645543
UDS_0038,3.797166667,1.35E+44,0.896923852,0,0,24.32263788,24.153786,2.227557446,28.11631965,40.32660269,425.4371535,94.43422052,30.72836015,82.49135237,72.04641484,18.96033835,53.05177655,21.92299858,0,1260.668108,77.58648985,676.3353384,83.87851798,514.8960043,1639.191713,13.0390659,11.88857129,13.72440081,20.6825589,11.42980734,11.60077469,9.730894762,15.32284317,23.48438315,23.75081762,14.28531005,15.12380127,19.54736128,11.14780127,9.358282762,12.71356472,11.97708939,16.29216038,20.10222049,46.79356459,40.48176039,68.71725084,0,0,0.872350627,0.969450251,0.075824127,1.000125054,1.430176686,15.38740831,3.343611937,1.033129909,2.340870032,2.031428415,0.629245088,1.057697402,0.486620927,0,29.50677834,2.29239793,20.61212735,2.983641116,18.26070663,59.28704622
CDF-S_0184,3.779,3.68E+43,0.758285139,40.47633371,0,0,0,76.17531198,0,12.73250031,223.2738176,0,56.25390215,19.40496263,31.8749628,77.67317322,0,27.42076767,39.69239375,648.3146694,74.36343983,378.3938756,66.39095583,68.77642697,1121.745265,40.70374563,58.88012047,73.41613409,400.9874618,26.5643445,51.01412089,43.72967424,211.6888641,389.0393142,391.5201786,87.35222984,86.1527495,402.241361,89.60350469,29.1722744,27.43240041,25.34026253,37.60167805,390.6942683,51.23346305,44.12366581,201.6286202,22.63092608,0,0,0,57.32282435,0,5.357150889,39.58893007,0,36.86824444,3.270634003,5.372405973,53.69149581,0,11.32581027,11.86008055,143.26653,17.52626867,67.09344088,32.01472994,28.93741905,198.8979063
UDS_0768,3.723875,5.05E+43,0.634516027,139.71062,30.38564428,0,0,24.76971923,0,0,142.4719164,156.1082736,0,0,9.969452403,84.01178747,0,0,13.65420981,197.5238256,26.33552867,0,304.7868739,257.7673457,0,54.93027762,74.35416788,74.92945732,501.9489145,32.32622484,39.32908071,34.61459896,61.85674092,387.6586877,386.6112423,61.89018118,61.64651166,504.6703023,95.48656854,29.9211122,28.64080755,36.2436193,30.87490553,68.29874386,92.35561222,97.96800757,113.1669035,736.2240878,153.989075,0,0,14.21979862,0,0,138.5241858,900.6598688,0,0,9.746174917,61.6932277,0,0,11.76049664,132.9867309,26.40068012,0,180.3669254,173.00693,0
CDF-S_0004,3.7123,1.75E+44,7.692162635,0,0,2394.711154,0,350.4530601,729.0566376,1983.123279,12815.46735,711.6553183,0,712.8686475,0,764.7590457,765.4665195,324.1236515,292.6442998,30815.17108,770.8087713,0,2832.044728,121.2308345,3760.690571,99.72614086,136.7109643,151.2419436,904.77677,63.39230433,85.4218398,83.81693671,200.8942147,902.4421602,913.3943615,170.1309759,164.6625316,911.7622685,197.3519575,59.10720935,58.73078064,74.38564263,73.29529891,232.5820139,184.5318171,187.4840747,217.851018,0,0,27.18218631,0,3.966281508,9.600480225,25.55354534,310.9915998,11.75887863,0,17.06945096,0,8.954067439,8.888490486,3.615869213,4.632214481,370.9351958,14.92727793,0,37.29338437,1.562120549,91.26028297
CDF-S_0385,3.709733333,1.47E+44,1.518088655,0,0,88.75630074,97.14717252,86.62629411,36.32464408,345.119503,2950.893682,39.9131199,93.61905685,172.4623786,203.5141612,0,184.5292288,0,338.2113291,1998.998191,120.3208953,2449.746152,2397.70407,5179.058371,21468.01694,32.50239242,31.99857243,28.16483526,66.09182676,27.08247145,31.69752793,27.17846026,41.12992262,73.96361287,73.33587536,35.68623518,38.17359955,65.44500693,30.21479285,24.87759771,28.97639949,30.61834389,49.64986056,57.36309466,79.73323804,67.16183284,130.8068309,0,0,0.950333053,1.10766065,0.961231487,0.41603506,4.325030811,38.18091821,0.434094778,1.019414715,2.169050563,2.570168948,0,1.851526673,0,4.366865681,19.66194573,1.534347683,32.07495291,27.46149291,64.90385746,277.769614
CDF-S_0422,3.698,6.43E+42,1.480722074,0,6.380363294,0,0,100.0723885,0,488.4862131,0,0,786.7294062,410.3053035,0,0,79.50442242,0,71.87479533,1761.631209,102.181942,0,177.4009292,0,4370.062863,94.24925425,129.2715903,141.7950773,817.5890672,50.68851367,217.607671,188.9664253,455.8380363,901.7898998,901.786046,146.9302147,147.0301931,818.6272834,186.6544535,48.70999537,48.01111317,53.8109401,55.22368767,276.1537871,213.9890709,190.2500939,251.5697937,0,0.204651627,0,0,3.225052379,0,20.67902756,0,0,27.27199461,29.27593969,0,0,2.5732676,0,4.094966756,78.08669486,6.628781547,0,6.018791348,0,293.7539593
CDF-S_0291,3.6752,5.09E+42,0.558080186,325.0737185,0,0,258.812463,0,161.2611802,235.8834338,5908.101101,0,816.0437057,1020.526904,349.8031516,0,215.8601118,0,0,235.7530531,407.895555,0,0,63.55143321,1849.067645,174.8912731,253.2516616,255.0422971,1371.289538,92.01957831,354.8948118,338.6364893,308.6710593,1522.634757,1529.001956,276.6705579,287.7914182,1368.34575,343.9001794,77.95583187,98.87155377,91.82188687,118.9422292,471.7925276,404.5170764,404.8604086,544.3335172,79.07057603,0,0,51.46800487,0,19.87543728,20.86915853,331.1487574,0,221.9903114,52.44483472,17.66353506,0,38.25941788,0,0,16.71278525,23.09813661,0,0,5.622543784,103.6401447
AEGIS_0613,3.66455,1.39E+44,1.403883779,43.9849831,146.4266232,651.2124086,541.3609933,385.4418461,0,207.006248,1325.497652,0,0,443.0570798,0,30.2942093,161.3326027,0,201.8071892,1793.415603,360.0580229,3236.975876,1549.098871,2739.249896,8909.562333,100.6068271,139.4127353,154.2987549,839.4065317,57.66268162,110.6432604,96.8500444,164.3894906,931.5905807,935.9767939,180.6309275,174.9940879,839.9534473,200.5316911,52.93325177,50.9058169,54.18688043,73.53618484,190.5212224,175.5106269,147.4050143,162.304423,0.336887697,1.141794227,5.397632223,4.769705283,3.557360749,0,2.500895517,27.08444228,0,0,9.347495806,0,0.266909607,1.287867421,0,3.498569511,20.17998436,6.901034777,67.06314965,15.10433656,33.09357979,182.0527757
AEGIS_0533,3.6504,4.61E+43,1.620562749,111.8503715,0,223.5317044,160.2804731,0,128.4379149,0,2314.486902,0,269.556294,545.6160556,115.3308905,0,118.9707934,201.1474181,0,4471.295806,510.6029928,2750.86312,503.0827857,3173.816387,0,67.08366647,91.65054745,101.0874934,580.2952634,40.12634249,56.40823847,67.31595,151.0406251,624.9645561,628.4189241,133.068374,130.3421071,578.093582,123.5167064,38.87480058,44.091949,55.14979395,55.52264533,163.5947734,112.0749703,141.6051986,166.7124241,22.14546449,0,34.172301,21.33211586,0,14.06886649,0,150.1642337,0,53.84147513,34.9664166,7.448152902,0,20.48683556,27.07129222,0,469.5650778,34.2801141,178.4763836,55.10681603,499.7508918,0
AEGIS_0526,3.64165,5.46E+43,1.802408864,nan,nan,nan,nan,72.4762032,9.745282399,0,680.0911894,nan,nan,110.5465092,104.6950002,nan,nan,36.34379453,0,1011.130289,113.6587628,0,0,0,1174.65066,nan,nan,nan,nan,40.15284893,191.1624801,198.4917322,434.198093,nan,nan,146.2311925,142.5454839,nan,nan,44.11269695,44.16503693,45.87834244,69.28816375,1278.53252,197.2285439,204.2123379,1648.946461,nan,nan,nan,nan,3.530087968,0.457972108,0,20.90315332,nan,nan,3.321005924,3.145216598,nan,nan,1.334268676,0,36.10276442,3.632242082,0,0,0,36.10383904
UDS_0063,3.640533333,2.21E+44,0.634300619,336.7644352,221.9002611,111.3132986,0,106.6030142,0,0,467.0642083,250.5822116,0,175.7808548,150.0783342,0,0,0,0,553.3592084,192.8260213,0,0,76.27908467,802.3429492,130.5561148,167.5296239,187.4595863,1074.49834,86.43762511,147.2822605,125.5135666,288.2480511,1239.021803,1233.886703,196.5996897,200.6427812,1065.400307,242.4541773,71.4201757,67.75973726,84.50093729,92.44261918,242.6713307,157.7686711,133.4590482,162.3768518,44.54170574,26.51120343,10.63548534,0,8.423820885,0,0,33.42769033,47.25062964,0,11.34699415,9.687846733,0,0,0,0,35.3071784,12.48073681,0,0,5.088789645,57.42352157
COSMOS_1328,3.59395,1.92E+44,12.79096624,44.56786728,241.2321005,15.47820421,16.94057992,61.08676541,226.4500162,1625.470346,6607.180944,803.253049,1350.385479,320.0400636,1302.141237,574.4577514,1821.582966,252.1450362,82.51322589,24434.32091,1421.231183,6517.041816,1384.408386,0,0,61.00552594,57.94897013,55.0636117,247.4647088,52.72598852,52.97338395,54.2560349,85.46890209,313.3185107,308.0702038,67.99688449,69.07038781,246.2528555,56.77061048,52.65255493,45.12421006,37.73768981,62.56699959,117.1691949,102.3498783,100.4106917,136.1039793,1.618714713,8.9773638,0.484573553,0.480445779,1.639166589,7.337841336,47.75118139,273.1191784,36.66601218,69.84656613,13.22854051,54.01889169,15.86726448,59.73162302,7.356952225,3.073739589,611.287698,56.97985432,298.389607,44.86009429,0,0
CDF-S_0491,3.58448,-7.48E+42,0.755151089,0,0,0,13.92157272,17.82708764,206.6034031,205.386335,0,0,283.9297505,64.63105374,0,0,127.7091495,72.06006751,20.02200739,2222.876542,51.84688165,0,71.68237325,18.76307315,826.4037953,151.3852326,197.3195583,187.2628088,1000.458605,77.65669787,100.2602764,77.05839809,209.6756122,1131.408251,1147.762956,145.0322891,143.9899235,1002.891965,258.2353345,49.00814555,47.50129836,54.48456038,58.81658752,196.0359696,113.5955246,74.84595559,75.45096803,0,0,0,2.468118023,2.38494787,43.14048035,45.06092963,0,0,38.80598647,29.85509379,0,0,16.44879326,15.06295377,5.9334833,468.184449,21.3632307,0,14.96786581,4.116542217,388.8177072
CDF-S_0144,3.5835,3.18E+43,0.513635434,8.710708562,0,151.7170797,0,111.4720285,0,58.15121934,868.4563031,0,10.10718526,153.6323267,19.15962626,0,0,13.75792738,0,784.4922831,32.41191257,840.663286,0,0,0,64.24634671,83.47476476,92.80530919,508.1628314,36.31114019,457.5668627,415.710994,278.1324895,639.6027313,632.8062639,95.62423324,95.93474171,509.2895381,116.5046619,29.68841327,35.6517361,39.24158435,42.70119948,118.4825414,487.926204,444.6126726,336.3453628,1.521594566,0,27.04841316,0,17.27431955,0,7.071828093,76.99898542,0,2.129718444,12.55172959,1.565897937,0,0,1.500719505,0,86.45063372,2.864002682,74.53480374,0,0,0
CDF-S_0128,3.5626,1.41E+43,1.398893945,0,61.59819999,0,0,123.068256,137.3893815,159.235873,2411.741391,0,424.3555039,155.2774956,141.1627321,41.49930402,169.6720645,141.3617101,24.83019037,4794.952815,197.5153312,0,0,729.5895622,715.9665986,79.646882,115.3833065,124.6464518,653.8773842,51.21436845,67.32558922,65.83221872,135.4044964,762.0490967,771.0489421,133.6465413,131.513571,652.2094396,171.9743596,39.49889059,44.83732762,46.4659454,56.04935517,153.5266106,111.5273697,113.0066694,126.5457369,0,10.16586306,0,0,16.13587054,19.29856308,23.11037589,313.0891137,0,124.555067,19.22944147,17.48148038,5.462740138,24.83562529,19.50515869,2.817095777,471.7674317,26.03440729,0,0,105.8875033,92.94584763
CDF-S_0335,3.47516,2.16E+42,0.761013078,102.3621213,41.3189374,114.8743388,7.323534944,53.56384012,0,699.1053253,5074.218085,360.3366434,312.424444,377.9520179,354.0464285,0,40.09716597,0,197.0145893,1906.202774,133.7204266,1822.450972,298.1245254,604.3096049,838.226389,48.36829219,47.64873213,40.89211451,52.55349625,26.02046031,28.61768852,25.41896663,36.66212587,64.28522275,64.75496082,35.53185824,35.03526324,56.19188727,43.93320655,24.54408671,34.18935075,29.38091996,43.63368815,50.9244341,116.1542216,106.2277021,171.4264607,14.49274855,5.32129432,12.05443231,0.672617371,3.874365621,0,57.76801915,257.5774757,74.94841152,64.03010407,17.63916404,16.33916113,0,4.739368208,0,9.238973733,115.6013281,6.872989402,90.02701885,13.97373721,49.93492049,42.55005082
CDF-N_0036,3.4747,5.21E+43,0.444332347,0,19.82212884,0,79.05693185,0,62.62100703,428.0359191,2398.245121,224.6541628,365.9293259,8.208657782,85.48208668,77.72816756,88.10175095,3.478770629,97.46421935,2108.590441,35.69610999,472.604479,561.8392601,668.5512594,5620.271409,36.17913459,37.50083757,29.00674757,43.78258182,31.65906089,40.17544845,45.85212962,77.82107009,48.17592056,48.84641494,58.69449399,66.71060706,43.08071447,27.66503243,32.086108,58.3863867,55.29363642,77.1446693,95.57899626,95.83330643,113.0125838,211.7207942,0,0.929891629,0,4.7326092,0,3.859959747,27.85653903,114.7526949,10.63283209,17.21570111,0.321271,3.310300747,4.374572512,2.722407288,0.137319302,4.277952492,81.94344852,1.557859446,18.75620039,34.63177984,43.5092557,268.9221733
CDF-S_0190,3.474,1.31E+43,16.20461381,43.1794901,5.646980039,245.6319465,25.94531094,159.778895,287.5036777,579.1203788,3223.298159,0,97.66597566,82.01866674,921.4409641,201.3267738,381.1455421,238.8167473,98.45309993,13843.16521,479.4616149,1076.183345,77.69966914,54.59233904,5141.532193,76.08307421,115.542435,116.3803519,574.6585312,34.35308468,99.61222901,78.72180127,401.2576866,621.0357883,628.1324876,125.1263679,126.2393673,572.0442643,162.480962,33.02756619,38.16904344,38.67084874,52.1658628,1208.485705,99.8291129,83.05976094,830.4930776,6.705384194,1.0355498,49.89310267,5.076506199,26.2536375,44.1136309,79.62570607,328.1561841,0,12.37094076,8.49423441,95.42870976,42.93399609,77.41881272,34.88748011,11.33345966,1737.033707,47.78462101,106.7624728,11.92198497,7.506131196,523.4469482
CDF-S_0305,3.470833333,2.23E+42,0.900548721,0,76.14178387,228.5121336,0,0,101.281989,0,10524.66995,1463.595002,0,1431.771118,0,507.1281644,439.6951947,0,349.9750551,6347.834016,615.4061509,1463.708028,0,2246.14685,854.4203841,257.1788884,420.4068996,476.2826997,2244.97854,132.8038294,835.7083039,617.1730973,575.8969038,2268.36269,2292.005885,345.9688211,334.3307857,2264.286125,633.3299082,106.5459747,117.4157128,116.4190109,135.0671721,441.2554915,912.7246075,691.0716742,676.3344421,0,0.480709886,1.441004378,0,0,0.728824355,0,178.8395289,8.95972428,0,24.61520238,0,3.221542573,2.772731106,0,4.59721473,61.56141712,9.231953308,24.87192998,0,21.0217057,14.51866326
CDF-S_0564,3.4588,2.17E+43,1.159108754,0,0,158.2197372,10.99901546,181.4896011,0,278.1550828,5277.420731,0,768.4165195,945.4764546,0,0,0,241.1102684,85.26404998,1732.500778,190.7605885,0,0,0,815.8503383,232.4157548,326.4209202,334.6269215,1730.363138,119.866821,251.9441136,222.1755306,318.4350753,1946.872731,1966.531168,269.2393407,262.5244207,1737.761135,455.3685432,114.5800573,101.394247,104.4080609,133.8387217,388.1768458,356.0710694,324.1815335,347.8652343,0,0,8.674222084,0.663268072,10.36699198,0,15.08300907,363.0791419,0,48.54342378,59.14758367,0,0,0,12.20373153,5.017551703,75.63055104,12.38888702,0,0,0,56.12935862
AEGIS_0497,3.44465,1.10E+43,0.601110489,269.3893756,0,103.7573718,494.3768224,0,0,0,0,0,444.759341,112.6573121,222.4477243,0,10.05717423,0,120.6193241,137.5430406,141.1151201,1691.141243,14.54776071,0,0,187.3854336,303.0952008,331.5441778,1808.978039,103.0115238,221.6570988,194.3434271,283.663777,1516.74615,1527.937064,297.8359645,293.6464114,1841.163499,445.5072234,97.59257386,90.50108003,119.8632899,107.7597953,317.0029797,316.8727138,291.2682734,269.5102823,5.15416888,0,1.684128763,7.93503763,0,0,0,0,0,11.46050612,2.47305308,4.883171978,0,0.158117443,0,2.339502073,2.332037646,2.890407988,38.83926821,0.217756387,0,0
CDF-N_0251,3.4407375,2.22E+44,1.24955768,278.2918847,162.9742581,0,0,105.2464622,42.21091747,0,0,0,127.918808,342.4541408,0,70.89745878,0,72.6582399,0,221.6633193,93.39969291,261.7229469,0,0,2441.728317,118.8417226,187.5410797,219.3292716,1447.043815,75.3307756,546.8379857,499.113251,441.3616968,999.4661845,1006.682052,200.393029,199.0739552,1436.723902,287.7306228,56.77482742,63.07161568,62.20592881,75.26868583,288.0887136,583.6234236,543.0634775,595.4476359,16.9071181,8.828332801,0,0,4.076367501,1.599054397,0,0,0,8.609081938,9.739699853,0,3.207917,0,2.432483161,0,7.183773169,2.723520362,7.654340475,0,0,71.41070399
AEGIS_0585,3.4386,6.26E+44,316.198167,1382.948522,0,516.0499063,0,4892.512561,6446.121587,11111.05745,142331.0199,0,3413.822339,1817.097545,0,2985.167681,5445.240255,871.2108428,2511.051145,40160.64843,0,62151.66571,8207.696842,23858.89839,8657.924373,92.81858875,143.902378,160.7214677,694.8687993,42.29613633,121.4991205,77.86592622,138.2004028,794.3784022,800.3613398,116.6160935,112.2668054,700.7148804,213.4238258,35.993376,37.38791599,41.33680188,59.03849698,182.6642726,165.438051,106.1023743,141.3374081,2.759880004,0,1.112539556,0,13.24703352,19.44654756,39.16067722,678.2073426,0,6.591011589,9.677157679,0,6.935080166,11.31088976,2.644044397,12.49109067,141.2927338,0,296.1527013,24.76083717,84.0901618,41.25501162
AEGIS_0674,3.438266667,2.57E+43,1.348147499,320.4977933,268.3769216,237.1887846,110.1712792,46.08857099,0,95.52010642,1105.053615,338.3367541,188.9283376,297.6414534,46.87347488,0,0,90.83003505,0,1093.692335,39.60448235,1162.532175,0,0,0,81.34215571,123.4991316,133.1083778,820.6638181,49.02987639,99.96958432,90.90721005,133.2532612,683.8201481,692.398928,138.9108326,149.8431957,824.9395477,174.5693771,47.57809178,42.08239571,53.08212296,59.76750905,152.3994884,146.839308,138.0363989,142.633723,13.35342795,10.30677261,7.573460018,3.145179103,1.195745942,0,2.599683949,33.963938,20.99099689,11.72144054,8.617088741,1.357045156,0,0,2.149492668,0,26.71547892,1.128813236,35.73054753,0,0,0
CDF-N_0028,3.4154,6.76E+43,1.148672621,0,0,197.408554,0,19.93940986,0,212.1545995,1713.339439,226.4414039,0,487.7810096,0,400.3947666,398.0731697,11.36589332,70.00295501,2339.110804,80.4984693,1524.619618,0,0,1681.592659,106.6099245,169.4781627,182.6556096,928.923888,50.65180618,369.6587358,317.4619656,476.038426,880.9742655,891.9612054,178.061546,182.6191771,934.670853,251.3541901,49.35742469,47.97262035,50.78810024,68.36527748,566.027628,366.0784352,321.8005399,928.493965,0,0,4.831872904,0,0.445182311,0,5.243676993,55.79886336,6.746828563,0,15.98134113,0,9.568208088,9.830680093,0.252543119,2.021647327,56.46584199,2.480896949,49.6527657,0,0,54.76495602
AEGIS_0875,3.395866667,8.75E+43,15.70338096,0,1091.79797,798.5184074,586.330157,306.5678383,670.4504188,0,8736.893184,793.7785439,0,459.2493476,0,344.3856905,477.0087459,639.4914464,85.15128065,17578.66394,279.5617657,0,6430.565303,9275.826547,1796.172928,114.9321507,190.0866002,211.0356955,912.8731907,53.01902987,85.83030669,74.22777943,150.9312961,1019.192397,1028.183776,154.1191664,150.5882224,919.1568319,294.3722658,50.51635911,46.47926239,71.94705116,63.052846,173.6302436,160.562131,167.6571542,179.778455,0,21.70788212,15.77442167,12.26256186,5.823391481,26.13478491,0,356.8219294,18.51219348,0,18.82662169,0,7.202513437,9.42312291,16.20393447,2.44966399,416.103484,9.821253608,0,250.6694549,311.4649138,73.357185
AEGIS_0622,3.383833333,1.22E+44,0.654471772,nan,nan,nan,nan,34.50910996,10.63944833,125.7522175,629.7601629,nan,nan,74.07793193,45.87661189,nan,nan,43.95103085,56.226728,1189.49969,13.28516912,382.3823669,140.0976266,0,332.2868881,nan,nan,nan,nan,61.87189548,53.56058088,43.50299714,67.66369531,nan,nan,59.45025155,55.51038384,nan,nan,42.17430959,46.9734156,55.4364643,64.25751159,70.05666369,131.8382234,107.432803,167.8616882,nan,nan,nan,nan,5.565485457,2.40954342,23.75543683,88.84302494,nan,nan,10.36271503,6.592708677,nan,nan,7.328382992,9.800922361,173.7524325,1.999264389,52.59011303,31.72827235,0,46.87716693
UDS_0366,3.30745,6.62E+43,0.434176482,0,0,96.74718171,175.3676826,61.25941643,0,63.6300295,227.1518291,0,171.5077007,65.91848067,0,0,124.891414,0,13.54895297,343.5379746,63.99895082,387.2029215,125.7066592,0,392.0916638,105.5038772,155.3001372,178.0862456,1013.828121,71.11346822,156.1561905,118.0323419,220.4666875,1030.536124,1039.317747,121.8604718,116.8564175,1012.660137,234.4728403,51.89849891,47.55870952,53.94463681,64.45016866,169.6346912,164.4962545,129.0599971,124.3698622,0,0,16.74600985,29.03311379,8.179134894,0,6.98136654,24.12429629,0,42.6286386,6.453256266,0,0,20.54153286,0,1.263465796,33.64158639,6.236992356,41.12226629,15.37793143,0,41.64146734
AEGIS_0808,3.2788,2.86E+44,2.135078555,0,110.0513564,0,223.7300247,51.27034476,65.69821375,0,3191.097672,280.3744887,0,0,293.3792177,0,278.8584655,0,98.45209411,2814.494593,83.31359093,0,283.7276313,1316.895107,9488.760483,86.46599185,144.4760478,165.8183227,865.5376854,47.11671959,149.3512296,118.0049836,185.6247177,723.211234,731.0175315,163.4308286,163.0898933,875.6846275,222.9980363,43.25117423,46.78090404,49.42248565,83.1074604,197.9567611,193.5624044,155.9289304,175.4829993,0,5.431541382,0,10.6207905,2.232386311,2.867784362,0,124.115862,14.7686253,0,0,11.82928464,0,13.79869853,0,3.794870132,102.827929,3.152345285,0,12.3849587,49.08386518,369.059743
AEGIS_0513,3.2354,4.37E+43,8.01153127,0,111.4421462,0,0,48.47922727,53.41972086,0,1416.591536,0,763.8901057,0,0,1098.017239,391.7137147,1438.246518,0,952.916195,314.7274845,0,0,0,3113.859037,127.4935485,217.2873019,244.6736203,1208.834776,69.12729943,155.1104646,127.1593537,250.2272588,996.0276523,1010.582608,215.8693501,218.5482709,1218.550475,328.106652,70.10128537,61.05391921,65.89371735,77.54455307,234.8360479,195.3201967,166.5761942,146.8334481,0,0.912993455,0,0,0.294228627,0.342372097,0,13.66292435,0,8.597465285,0,0,8.066463383,3.178884497,9.319807051,0,7.046247685,3.237327524,0,0,0,30.03294838
AEGIS_0556,3.2227,3.92E+43,1.208146934,48.3567877,0,0,43.82088757,40.08988562,0,0,769.0193016,129.3271632,0,168.2932739,39.36930752,28.85755724,88.88377557,0,0,1043.284692,139.9345123,449.1693648,59.36385353,101.4332573,0,38.36608534,62.54767561,69.81860966,343.4860991,21.88741786,178.5194601,151.1616143,260.3944478,339.8402921,344.9065093,62.71435182,63.4095693,348.0107035,95.04893938,17.39675561,17.98055656,19.00737929,23.754026,219.0632645,178.3384989,149.7503955,441.5378095,12.69687583,0,0,9.579806217,7.434913784,0,0,88.83473305,41.31611474,0,18.53743481,4.239125821,6.308630921,21.43889806,0,0,124.3092383,15.39499747,52.41922243,9.956913083,14.25737468,0
CDF-S_0219,3.1892,1.32E+44,6.876070649,0,65.54021357,0,237.4531307,292.8099342,271.0213062,0,3539.232179,0,206.1122943,26.55811462,187.1362471,0,606.7381871,81.67246693,230.4369659,4218.651141,330.9727684,1464.740037,1547.481709,3202.212496,10427.87923,51.91781292,80.25811286,92.76037612,515.2989917,33.33651202,70.53144431,50.48798482,67.05587915,471.6728377,475.9377778,61.01913165,61.77712999,519.9394566,124.0552262,22.87163671,19.40636278,24.20255042,31.17841058,70.48013432,94.96903391,70.14881394,64.85010352,0,1.279052286,0,5.516803391,7.184502684,7.654795978,0,166.8671758,0,3.482243256,1.263222309,8.901034035,0,11.75969779,2.133839421,9.356462492,122.5566816,14.1654122,69.05933859,43.70747425,95.43630417,491.6520504
CDF-S_0599,3.1361,3.46E+43,0.472797044,318.819589,0,0,199.2937472,141.7054406,206.5939514,0,2860.353419,0,561.1933732,403.042768,0,0,393.5342142,74.67936526,7.194595163,514.0415543,0,0,0,2718.867292,33.91977078,166.2156293,276.7915064,314.136625,1573.541758,84.98864073,104.9052593,95.97283432,250.4761125,1385.801583,1399.356461,222.2999565,222.5253135,1589.829999,422.2480656,85.27895582,73.34050735,108.7991858,94.44231761,273.7516607,240.8026497,287.3368287,285.8541195,39.99922371,0,0,18.61401222,11.6184018,16.32477149,0,261.4496019,0,64.32758435,36.37413483,0,0,45.80405417,8.014660052,0.623252298,61.20241051,0,0,0,346.624716,3.100424762
CDF-N_0291,3.1295,1.14E+43,0.888345204,215.9495053,166.368965,0,170.2705758,0,0,0,435.3577571,577.8892404,155.5011304,0,945.6287716,0,376.5992882,0,0,525.1963897,446.2491807,4934.237892,1126.932241,3019.953589,2766.177363,164.3844772,265.5839451,302.6465497,1569.280504,83.89638669,111.5626836,112.9719402,297.4869879,1308.185431,1327.119411,287.5362331,285.875978,1579.075759,410.1142602,82.95318716,76.88725755,101.9084336,107.6833451,325.1751672,215.7371333,260.6422927,319.1023127,19.97857106,12.58600106,0,9.251021576,0,0,0,14.56309081,60.74761443,16.34625124,0,30.81544694,0,26.12157155,0,0,20.60318701,14.43552216,162.7208885,53.34656829,151.538711,92.53100804
CDF-N_0135,3.128,1.70E+44,1.24836129,0,0,0,0,39.15541959,0,80.73653532,1130.689758,0,144.3912903,237.0140592,0,0,270.5391091,0,0,3590.188116,251.8713936,1681.627549,0,1346.519494,9865.097972,163.5825391,251.9899811,275.4312393,1328.209829,73.89148679,135.1708247,122.7821388,260.6455006,1148.511446,1164.195745,252.4582348,254.924056,1343.003979,379.9180631,71.38490322,70.56924479,80.00021836,97.74072495,291.3858295,210.2354402,208.7695476,234.5368977,0,0,0,0,0.484526197,0,0.97905279,16.33814385,0,2.644171391,3.409567392,0,0,3.802787032,0,0,40.11982084,3.500984628,24.04363252,0,16.32858856,142.5478462
UDS_0586,3.075,2.75E+43,0.57326669,111.6648712,0,89.42009034,0,158.2249024,0,140.2784376,0,0,237.7795369,431.484792,379.6348718,71.57787247,0,0,0,489.5854875,178.593884,2897.462728,0,78.9841825,1039.672422,119.5735465,192.4139748,211.567556,1010.547111,53.61367598,184.5066419,146.6927964,204.7391322,1007.834379,1019.191448,144.2389829,144.3802277,1019.46892,287.6646385,43.81687021,41.3286054,47.56399414,52.70997435,168.6843393,213.5667569,176.3844017,150.6095835,11.36880774,0,7.97599849,0,12.07122048,0,8.719488333,0,0,29.62969663,17.29476038,15.21651345,5.679660267,0,0,0,25.969534,7.901546063,119.8902577,0,4.909533281,43.01922276
CDF-S_0053,3.06375,3.22E+44,1.890332449,nan,nan,nan,465.4427728,0,0,408.2713203,588.7602478,nan,nan,169.5474603,1142.432827,0,nan,274.9486613,0,7289.614225,489.8043523,14119.33994,288.5490477,0,0,nan,nan,nan,1309.103924,74.04447594,86.28699938,71.48031108,106.7163787,nan,nan,117.7672975,119.6099505,1487.936692,nan,53.49679959,52.54239699,68.52461773,93.30456835,145.7971493,180.8148026,157.5190423,222.2516542,nan,nan,nan,3.66824986,0,0,2.799561597,4.186952575,nan,nan,1.042740151,7.010793134,0,nan,1.296088702,0,36.96220287,2.984802192,91.57756666,1.993873687,0,0
CDF-S_0055,3.0629,1.68E+42,1.07010484,374.3700245,79.35077505,250.9873923,0,126.6949288,461.1228059,16.30761633,0,0,697.3824654,728.2222359,0,248.6850636,10.56604247,0,142.1689368,4880.326313,211.2801194,0,0,685.2237883,6410.838082,137.8429946,214.6643414,248.7423323,1103.494691,62.72824364,337.1024287,284.1570522,466.7588848,1202.017816,1201.154599,196.8458384,192.0911888,1116.220549,333.0752421,50.37522705,47.65197688,53.05304296,58.77256986,245.1410191,350.3268916,296.7704481,307.3733235,69.51926832,16.03741016,37.80954253,0,14.89107805,58.73376324,1.574922878,0,0,152.720928,77.02648159,0,33.06426023,1.497293106,0,12.57740134,375.3448199,20.56089778,0,0,66.17611052,700.9649142
CDF-N_0388,2.9882,1.20E+43,0.419822122,7.326227475,36.98409142,114.91201,89.81087317,187.5597869,345.7163859,67.1461049,3614.064242,682.975107,505.0132314,414.326789,436.5398221,7.487387143,101.9837099,2.5717814,50.77517266,78.39235903,261.4294259,3272.414436,0,3801.499055,1388.643322,35.34233229,38.18554781,37.87598624,45.18137588,37.29940608,51.10740418,42.62460242,65.85855199,40.22719344,39.02452739,67.53513411,72.70447096,45.72591749,37.39179112,41.40886295,52.0565388,56.5149417,76.02418152,79.59483404,229.6887235,215.8609454,335.5144208,0.127798949,0.675549708,2.078533145,1.932559384,3.215992321,6.480236593,1.396955993,99.98543266,10.79805919,7.507954101,9.836076743,10.26263941,0.143243708,1.264094994,0.036746986,0.962614218,1.238314192,5.609378789,78.42606685,0,79.08912805,38.41771868
CDF-N_0024,2.98105,5.69E+43,2.588323616,60.1695264,0,50.21308913,0,66.81591564,0,0,1268.480526,135.3412247,47.58212783,212.5710197,0,41.02723223,0,0,75.09261442,2022.808446,149.9991798,0,96.73259127,139.8211103,0,76.47923347,130.7367561,139.5491434,658.0887468,31.36167726,440.7257263,311.2440292,427.2001513,576.0972237,581.9917676,96.51154296,96.87124522,668.7898075,193.5103814,30.2666273,24.74077373,28.15897554,30.16736659,305.0511183,442.4641681,312.4423243,678.9420991,12.29344238,0,9.387205581,0,11.7873561,0,0,220.5015267,31.56237533,11.09643407,37.42986675,0,7.740966769,0,0,13.55778741,294.7529078,27.29518066,0,17.66773465,21.13477067,0
CDF-N_0043,2.9584,3.49E+42,0.423411393,0,0,147.9289252,0,211.5962962,0,39.29190021,1280.242549,0,332.9951456,88.57039181,373.9045201,291.6221923,0,0,0,265.4611598,191.5477372,140.7733331,0,151.1245656,2164.179241,122.2977206,187.1080183,202.8098667,1145.554408,68.2959148,217.6287524,148.4629681,207.7407259,1041.081234,1048.786241,184.3547805,181.3934798,1153.843125,274.1810762,62.249658,59.42110844,71.19032736,79.22428115,285.9587396,267.5344725,189.6953161,237.8532208,0,0,7.071055717,0,9.084012466,0,1.700599769,59.07556968,0,19.85643839,3.777269204,15.94593859,13.45265287,0,0,0,10.47967228,8.412145521,6.495851007,0,6.540849388,99.86398414
CDF-N_0054,2.957133333,4.05E+42,0.957525262,nan,nan,nan,nan,0.301396266,42.18404185,155.6455177,790.4745587,nan,nan,165.5977085,151.2770383,nan,nan,0,39.51960268,388.2521742,125.1984254,753.5449078,58.74598088,3.384913633,89.1564048,nan,nan,nan,nan,18.44656385,14.73420464,10.76150131,13.72671325,nan,nan,8.878340589,8.601715773,nan,nan,8.897825553,7.972897427,9.904853688,9.400007079,18.61168254,29.48875349,21.40313237,38.04329257,nan,nan,nan,nan,0.026630357,3.313521352,10.52522939,44.35219716,nan,nan,7.681926624,6.931699502,nan,nan,0,1.767512974,18.72247754,5.854112071,35.92432282,4.614447868,0.228898287,5.002415827
CDF-N_0004,2.95456,2.14E+43,1.030424795,nan,nan,nan,nan,118.450586,0,61.50641044,1097.911376,nan,nan,240.0006317,71.72210398,nan,nan,16.67755097,0,272.1237423,108.1890446,1289.495591,105.4165039,0,787.041748,nan,nan,nan,nan,72.48801515,59.66390841,47.81881214,47.35662147,nan,nan,40.52247296,43.5944812,nan,nan,38.74056212,31.09887679,41.34879859,37.80678716,52.41854098,108.4138127,83.87379134,87.38399298,nan,nan,nan,nan,7.585879563,0,4.01546212,57.05365307,nan,nan,10.95526096,3.271773306,nan,nan,1.015373777,0,12.99086371,5.300332671,61.43110761,8.351068555,0,40.89911792
CDF-N_0019,2.94392,1.33E+43,0.883253574,nan,nan,nan,nan,0,0,0,653.9640421,nan,nan,889.6117526,0,nan,nan,33.8316692,0,2656.626722,559.7099872,4013.733687,159.2114141,246.2297282,6294.836457,nan,nan,nan,nan,154.6015538,163.1723823,106.2006815,134.6763648,nan,nan,80.1226852,78.75119264,nan,nan,34.81729523,33.77616971,46.16072561,71.96572028,127.0459377,208.3135845,138.5509177,239.751662,nan,nan,nan,nan,0,0,0,51.79761196,nan,nan,68.73531855,0,nan,nan,3.063544427,0,196.3248334,40.37115914,333.0387986,16.6131053,21.91503317,498.5862756
AEGIS_0440,2.94325,1.21E+43,0.4032575,0,0,128.8102185,350.5235332,89.16846568,94.23966317,0,1181.841839,0,325.11106,518.6173507,22.87461534,0,0,49.91410094,0,976.5528945,192.5285602,842.6809183,0,1447.784257,227.4673715,142.9171343,241.9037785,255.3437583,1146.734896,58.68258278,83.90941845,88.43461061,220.2364794,1173.496025,1180.66416,179.585414,170.5788157,1164.342905,358.4186521,59.17422952,54.97438109,76.82980615,66.95273705,240.5286194,156.4841776,194.3001089,207.2137008,0,0,8.929212545,25.77344124,5.279075138,5.243709347,0,66.57473286,0,21.95745696,29.56893354,1.304194663,0,0,2.726886146,0,53.60155344,10.91924618,49.2714705,0,87.59005386,12.81354153
CDF-S_0121,2.8248,3.25E+42,0.762444055,68.35813827,0,182.6066829,349.5099188,127.1021671,44.20950414,0,3373.876379,117.4918297,0,397.6457746,120.0689705,4.831653248,0,205.9241384,0,492.7255033,366.6433462,452.4183307,0,1002.65595,1252.573781,207.3505792,339.9384313,377.3825606,1802.583806,85.28654176,149.058839,160.5919913,332.8076382,1548.234477,1578.152118,322.3592004,306.8184116,1819.222649,516.5721545,78.21279993,83.12812646,101.7662228,104.7464308,362.2793709,233.1319226,258.3501342,288.2761966,9.701692145,0,25.47704727,49.99817735,13.60208437,3.12459891,0,132.6560785,20.79686547,0,13.880947,4.08373792,0.691178828,0,12.92347547,0,27.75582606,13.82468881,17.78845306,0,75.51694861,49.24944106
CDF-S_0084,2.821114286,1.33E+43,40.40049104,147.8768778,57.65810556,351.9990266,697.4006534,289.9916391,0,0,95.58066566,0,0,0,10.69016046,0,0,67.4875664,0,127.378319,95.04983175,393.6086338,0,0,0,17.09044812,24.07101252,27.77968451,173.6380743,11.11059566,34.91782258,25.23458352,31.01630842,139.7078046,142.0977668,28.07066462,27.96240997,174.4771088,34.11146337,10.33966918,9.180438122,10.98177702,10.89991921,33.64750966,43.76361503,34.52549973,29.00833375,2.396289711,0.886976521,4.736505375,9.155221379,3.407326378,0,0,1.570123281,0,0,0,0.169159264,0,0,0.708005766,0,1.444772601,1.416809827,6.465890099,0,0,0
AEGIS_0739,2.7381,1.04E+43,0.586131991,256.7050717,0,115.4885986,0,195.4992374,0,38.05232944,530.9744238,208.2734664,156.8555762,201.9935594,110.6470086,0,50.98441627,0,0,197.8433592,231.8784148,305.0788115,0,3549.255373,3301.449289,114.343209,204.631002,221.8394876,1013.395912,50.15359034,66.89009792,67.90525141,177.2242452,868.8854939,881.2550836,164.9545817,160.3395166,1029.182077,303.4967057,58.42013104,42.41968051,71.6218045,60.07225125,192.6805718,146.1057275,196.3389161,191.4664137,15.8941256,0,5.863794965,0,7.497450613,0,1.562078814,25.28430372,13.50819663,10.17333605,9.955114549,5.453162211,0,2.710162669,0,0,7.751653383,9.661826041,15.2685668,0,145.6997957,157.210673
AEGIS_0804,2.728666667,8.13E+43,0.698557215,318.2346649,0,1445.188314,337.5552217,350.3763057,0,0,0,0,364.2097282,31.11903052,338.5462049,719.3043762,579.3136621,216.4600367,0,2290.945803,365.1567531,4658.848424,0,10462.80538,3168.00074,411.7114674,602.6755963,670.8204446,3818.712126,200.3337308,274.6113789,297.4221026,624.6740304,3417.072398,3454.050216,583.3292836,553.16611,3851.572878,877.5965317,185.9552467,155.0275434,303.5672963,202.1708085,709.0710716,488.3803096,700.920947,655.6776453,5.328284771,0,25.85159893,5.874736509,5.396844466,0,0,0,0,5.684019628,0.762403717,8.294245703,12.51861446,10.36279099,4.023170411,0,55.63270817,8.254110578,116.2328647,0,332.3374493,79.03794413
CDF-S_0166,2.6962,1.04E+43,0.527365717,115.4181969,54.08053113,0,3.882136571,7.925213749,51.33954238,0,694.0767357,0,202.9569769,0,155.601069,248.336091,19.92525887,104.5941416,0,1376.374405,245.6548385,1077.131243,0,2714.50229,0,108.8100059,178.6515788,195.5799885,897.1417789,47.03597788,64.69686764,85.22624877,240.793261,780.8922726,789.6360179,205.8824731,201.16262,901.952529,267.9862663,55.19151018,46.68780629,83.91098001,65.1164566,276.6633943,128.4339059,213.3036531,212.1212683,15.55794756,6.735337844,0,0.419489659,0.62168085,3.933591844,0,28.47037719,0,36.798433,0,6.233529344,26.83430125,2.112825622,7.144995882,0,97.52311953,10.34959875,46.03677596,0,246.7081966,0
AEGIS_0389,2.6959,9.17E+44,28.95786023,0,2161.314272,0,691.0748086,304.3226996,1534.030035,890.4437691,692.8813706,0,1796.905983,0,1554.331338,0,2061.881818,0,513.2403563,12192.21955,1234.277275,6064.927501,1555.534392,3223.511699,17938.61677,103.9750708,171.972247,177.1260294,750.5180756,41.17773883,133.5774847,102.2858833,149.9548086,759.0786627,768.929153,131.2092179,129.9384607,764.1715312,254.7410422,37.00128498,33.19517428,35.74684724,59.63516412,154.0843437,167.8032221,130.5534669,124.5699002,0,14.14908195,0,4.778847503,2.211393547,12.26901046,7.102611167,9.980793365,0,11.66648136,0,23.24426793,0,13.4177558,0,5.802753872,101.8042729,16.22579909,88.71217826,12.44100004,25.71229199,258.4015603
CDF-S_0090,2.6935,2.68E+42,0.431728477,nan,nan,nan,nan,nan,nan,269.8881666,1561.919325,nan,nan,502.6488265,310.6624246,nan,nan,0,58.1450731,610.3957386,308.8876202,806.592846,nan,0,1249.503597,nan,nan,nan,nan,nan,nan,72.98472552,84.26793295,nan,nan,43.33647357,42.82113166,nan,nan,61.81852666,39.19391086,61.91672607,47.42666114,113.6179241,nan,135.0387246,231.7904085,nan,nan,nan,nan,nan,nan,48.10824582,161.9187279,nan,nan,34.68759163,21.23607474,nan,nan,0,5.058872239,66.65988932,26.06073866,61.10145259,nan,0,129.5316792
CDF-S_0378,2.6857,-1.30E+43,0.513030094,172.7217927,65.06649458,0,310.9528448,173.2246841,0,158.8954532,0,0,182.8787236,290.3774348,0,0,21.5611389,187.1758348,0,330.0146436,1.891974292,497.2625986,0,0,464.2570435,153.2100939,280.2453275,311.0143685,1352.875902,70.29420139,154.1669543,143.6451376,522.2263749,1168.403147,1188.475625,253.7504577,247.2252929,1380.985833,426.6583931,67.43411855,62.41798607,69.71917199,79.58923606,434.046613,155.3298556,146.8949581,176.3409458,10.72170707,3.866587029,0,15.17432864,6.560857464,0,5.233929649,0,0,12.83646059,9.116481346,0,0,1.150091085,5.883782703,0,10.34764799,0.05783391,15.8953242,0,0,14.35840534
CDF-S_0231,2.675,2.44E+42,0.362495717,0,685.3326393,253.8170814,0,281.9517912,0,126.8135575,197.1490865,0,278.3832084,136.0888108,0,363.6338359,298.5547672,209.2108851,184.0458357,596.5164642,134.7740026,0,0,486.7673151,3042.278009,315.1176598,483.3411715,553.9508417,3192.789173,179.9847815,301.720666,249.7990986,692.093632,2722.6462,2738.293808,450.9643465,443.5111821,3170.198412,727.9743275,161.339496,126.0949867,160.0504381,174.0639157,621.7037093,329.8745535,286.3381436,284.1706581,0,62.44353004,20.71909031,0,15.04660834,0,6.822394091,7.73691579,0,23.55263703,4.906886787,0,25.76872416,24.37102795,10.35749398,6.653302564,26.23441472,5.038821168,0,0,26.18740866,119.3911125
CDF-S_0446,2.6726,8.20E+42,1.172643105,28.56550442,94.76193041,0,0,114.0966625,156.318479,0,0,1592.75557,0,0,1544.065714,191.323933,0,87.2597605,78.60949375,4522.960173,118.4674172,9025.310385,0,2082.234649,3863.559241,326.3033355,540.4453615,592.5266136,2751.891267,125.3663864,613.4456459,503.4073989,499.2048681,2389.504854,2422.147073,421.211168,411.3746673,2778.560217,819.4132403,126.2817701,114.4896013,133.8231166,162.6517308,537.927137,709.331992,598.0014706,569.8719898,0.239980363,0.760250412,0,0,0.920425059,1.333978031,0,0,14.13467271,0,0,26.00929401,1.538762939,0,0.794707345,1.012652366,45.71104397,1.748672764,145.7595749,0,20.0207912,62.08344662
CDF-S_0492,2.67155,8.31E+41,0.439686973,460.2852003,265.3479536,451.6233086,609.9351182,0,0,0,568.2236438,451.492319,0,132.7424869,0,0,0,234.4539198,72.29575557,1488.356625,176.8690232,0,0,205.9600196,533.8723747,237.0418905,410.7298186,466.279678,2014.385419,106.7064502,276.6200888,193.0198812,589.7238977,1866.654017,1890.01262,311.6292994,316.4784222,2044.068061,642.4259745,113.8424562,85.08081259,93.7906661,95.08181623,503.1844178,354.2958319,207.5367189,202.5886127,19.20830033,10.57373684,16.21196981,20.12311613,0,0,0,26.63572561,21.62548597,0,6.044332118,0,0,0,6.619458584,2.581063128,46.02301137,7.561194031,0,0,6.677334775,25.02549522
UDS_0092,2.6644,1.83E+44,1.010668911,113.7526747,0,0,0,43.43998344,0,699.4344306,0,1119.01575,0,1746.926148,62.77718831,0,72.71266249,175.0448073,0,7213.327827,1221.946073,4874.78307,85.37159531,31.25217991,4243.763713,186.615575,323.3925242,369.3834511,1767.632574,91.06273386,346.3761709,288.6977016,726.3681004,1448.610239,1475.078644,337.0139064,336.4796246,1792.469092,501.3963731,87.59997575,90.09963806,101.3941685,122.9942039,508.0171465,376.2883383,312.1592582,382.4661474,3.124701492,0,0,0,0.801981688,0,9.501664616,0,33.5014618,0,23.09170454,0.829818871,0,1.833829356,2.295381296,0,94.40965996,15.2060824,62.94438768,1.377089369,0.424554067,55.16706042
CDF-S_0638,2.6453,1.22E+42,0.543441039,nan,nan,nan,nan,nan,nan,138.2450308,2182.140198,nan,nan,157.6729192,196.5464509,nan,nan,37.90293227,95.06716178,948.8411709,176.4699741,1131.6902,nan,294.074622,102.144115,nan,nan,nan,nan,nan,nan,44.73996235,30.39506436,nan,nan,24.30526743,23.53097091,nan,nan,44.09496888,25.37508784,36.56587287,29.7974323,31.87226975,nan,95.48142832,73.43758677,nan,nan,nan,nan,nan,nan,32.50566898,240.9275807,nan,nan,16.07880948,20.0895903,nan,nan,7.518492927,10.86246005,98.56683177,21.75614713,162.565351,nan,69.14601025,11.27761385
CDF-S_0829,2.6294,1.15E+42,0.451557034,154.5691291,0,0,0,189.0412609,50.62520276,82.20348051,2550.025471,76.43568649,0,797.1973308,0,398.9794173,0,65.88580529,0,138.3210102,255.5407553,0,0,0,3286.727683,180.1685152,269.8369052,300.1416378,1466.061225,91.40437646,213.330108,189.421118,446.2567262,1539.359441,1552.248441,273.3596741,273.8255019,1467.331503,384.5559685,88.38073417,77.78375134,88.9131386,97.06473702,372.7493097,239.1655704,214.573982,204.3339407,5.293875407,0,0,0,5.051478869,1.232941823,1.809529732,48.07317459,3.07213189,0,14.53844114,0,12.10688761,0,1.430373428,0,2.91017749,4.747394745,0,0,0,61.96151197
UDS_0678,2.6233,2.02E+43,1.191059535,0,37.41142108,0,784.455258,743.3828651,0,892.7651847,3063.119266,989.900606,0,2303.137676,0,228.9823624,235.6472492,0,0,2524.854579,660.2286372,547.0622971,1090.033701,0,3410.352929,371.7406644,619.1199142,704.3622745,3331.97113,180.6400514,573.2322138,505.5033634,588.1382018,3070.680038,3136.679217,549.6576465,530.3878796,3362.532423,942.5519335,157.5993978,130.5662598,178.3927688,163.302511,607.4141462,706.8398073,645.0816241,542.5374415,0,1.772661235,0,39.89033344,24.43314038,0,18.95900622,65.93116147,53.75001507,0,48.42384323,0,11.64398185,10.58691135,0,0,43.53025712,12.78113136,11.67510239,30.56651517,0,73.40508483
CDF-S_0049,2.61396,3.26E+42,0.71855423,168.9988358,0,115.5829261,0,95.54617438,9.546997401,117.7776827,832.0519125,0,173.837841,281.6788059,0,127.4241385,0,0,0,464.7575853,1.84314102,832.0806464,0,0,354.9737394,83.65777545,140.9874802,152.818964,695.6337754,35.18976725,156.4266397,139.5818868,207.3355199,639.6629268,647.2571202,118.7457032,117.8460314,702.9839927,209.9890415,34.91980491,31.33920784,34.3870274,41.78048749,149.0558484,171.6221351,156.5166954,131.8453296,119.3130151,0,66.53568002,0,31.29633369,2.282243149,20.90733499,79.6896612,0,137.8511779,24.99606008,0,64.64972308,0,0,0,70.17609433,0.185825665,79.6924132,0,0,33.99756266
CDF-S_0085,2.59185,5.37E+43,0.797950393,0,236.6681723,0,170.497593,0,0,0,4475.713851,0,0,526.7688995,57.2301552,0,0,200.2183631,0,1171.871506,135.586487,0,0,326.5641007,1826.775174,96.56324283,107.5064966,155.8130654,984.6279066,72.24871985,181.6912807,172.7066264,259.4950522,1052.041346,1061.133458,230.9271145,226.1129628,983.8170659,177.942233,74.94879172,68.05134942,68.53516851,99.6220408,264.507967,230.9696169,237.4383479,195.623237,0,4.194656369,0,2.775141548,0,0,0,107.6225888,0,0,12.75480707,1.38573023,0,0,3.613557659,0,23.62608473,3.154102964,0,0,6.452958288,43.92646176
CDF-S_0279,2.582725,1.72E+42,1.35398188,145.639803,0,0,0,27.35583986,0,0,678.5121472,183.0403908,0,0,364.7101729,194.977854,92.90723573,3.897200927,0,120.2702298,63.04156883,0,0,0,2566.29874,54.9421936,84.52184792,98.04484753,584.5842081,32.19297121,109.8035049,104.6837766,135.4274501,489.7105776,492.0428496,128.9044047,125.1186957,585.2618734,127.664814,32.89311552,30.82260008,35.39546668,42.87543408,224.993251,127.1951396,124.4422267,184.3908276,4.99551308,0,0,0,0.69797321,0,0,15.73431384,7.570090215,0,0,8.439036484,5.587527575,2.840563477,0.091772975,0,2.861452258,1.484026554,0,0,0,59.51101975
CDF-S_0437,2.58245,1.43E+43,1.988112079,nan,nan,nan,nan,nan,nan,699.1332536,2269.074736,nan,nan,643.449076,12.0650599,nan,nan,328.5622824,0,11628.08064,287.8031635,2001.622409,nan,0,6453.859018,nan,nan,nan,nan,nan,nan,125.0696539,85.02652961,nan,nan,54.20942978,52.30628348,nan,nan,65.48131514,41.94068335,61.12263692,46.06731446,72.94334741,nan,171.7998601,146.3846653,nan,nan,nan,nan,nan,nan,32.0590158,91.49977145,nan,nan,15.94684139,0.294728249,nan,nan,8.7233929,0,274.1338769,7.314774233,53.56242169,nan,0,260.249967
CDF-S_0550,2.5433,-2.44E+42,0.391455686,167.3888227,0,0,0,187.1809416,175.0064274,241.0624724,169.4460962,297.2499968,0,0,204.01966,0,7.067878945,404.6554043,0,162.3157401,0,0,34.32080732,0,1602.574607,163.5039835,195.3492804,270.7479107,1518.440759,106.4411039,157.4528398,134.471092,919.0765771,1564.352212,1603.540009,456.4980953,436.5568499,1533.891474,326.9676513,89.06247385,72.47733943,96.80987229,120.0966953,1246.099109,179.8915621,143.4355,442.1311921,20.9451779,0,0,0,15.47470578,17.06807012,23.80405267,12.77470341,41.93096363,0,0,14.75046175,0,0.643586986,34.65767251,0,12.33907871,0,0,3.347248182,0,120.8196338
CDF-S_0182,2.54265,1.58E+42,1.267171921,879.5617364,0,421.477005,0,327.9860368,0,0,2196.042295,688.0233891,1246.137264,0,1096.636856,532.0234437,0,104.1656549,106.145964,2429.435438,450.8937381,1011.384366,533.5281301,1299.679977,4229.806477,196.7719549,341.763522,374.8161298,1597.364797,78.88426684,546.2323255,450.1280589,363.9269901,1554.287067,1571.750323,252.0812027,247.7162784,1622.385357,520.3522825,76.92099852,59.95532171,68.33353476,97.34626754,310.9023687,599.3136065,501.0309509,459.7420859,24.92593201,0,12.10587562,0,9.9048349,0,0,150.822735,18.29534819,33.13625015,0,72.6137203,16.49227468,0,3.692699285,5.645811349,100.5520104,28.32741278,69.4612105,17.70156004,52.45427279,290.5003163
AEGIS_0724,2.5053,3.22E+43,0.542765552,259.6371395,0,189.1207787,0,23.14771643,0,0,394.6698743,75.75624444,0,549.5650248,0,310.2476111,0,53.90452321,0,442.5979539,178.7011344,0,0,65.18462121,2943.426186,186.1907546,311.0365892,334.8682732,1392.757517,65.15228202,253.4273334,227.8774447,2030.428411,1299.903743,1319.692897,433.7586014,395.7829819,1424.213547,468.5050628,74.56892627,63.35422826,68.26638027,97.77522194,5457.977551,261.1985252,232.6034336,3511.58099,65.65276987,0,48.02766356,0,3.163365055,0,0,24.92365411,16.45095992,0,33.01692561,0,65.69336434,0,5.082915613,0,34.17597027,10.91883932,0,0,5.876353097,185.8792396
CDF-S_0504,2.34698,6.57E+41,2.077390651,255.5918619,20.55289813,190.8375793,0,138.2555275,0,0,0,0,833.3393987,172.8603456,351.7106445,107.7648155,0,0,162.53291,3972.983689,147.412362,0,193.7036419,875.2818506,4176.857951,160.32286,281.8021847,307.9583994,1251.72105,52.9051676,341.6915997,327.1496124,283.0940637,1175.321229,1194.907892,186.8919921,182.2671528,1274.561628,432.6269668,57.80950231,42.19837671,52.11743367,56.57477625,202.4465757,376.4699009,365.8096161,252.3728842,4.95593037,0.408824049,3.831185937,0,2.840567133,0,0,0,0,16.35830387,9.305853221,18.93417269,2.215950529,0,0,6.577581897,114.9388657,6.704289899,0,4.377762745,24.91171981,211.6331266
AEGIS_0511,2.3065,5.98E+43,1.013204112,451.7198273,0,617.8502174,0,0,408.7824847,0,0,0,524.11817,1081.949743,0,432.1158525,0,10.36501042,133.8342557,705.643152,0,6106.226204,0,363.5705451,0,282.3026093,479.8752538,537.3406577,2745.733111,140.0111509,1294.466813,1314.972744,2145.527689,2411.859936,2438.657249,694.7513899,675.7115326,2781.586623,735.3186594,126.6346105,128.3311682,149.5090938,188.413098,3303.963699,1281.729784,1315.494203,5089.892561,39.68926411,0,45.52140308,0,0,17.95601023,0,0,0,56.57108404,26.619072,0,28.03426329,0,0.406756587,3.997836546,25.05800461,0,148.8456149,0,14.27358258,0
CDF-N_0365,2.305,5.57E+44,3.656680616,0,2170.097109,0,0,7296.334775,1481.282631,0,9899.102189,3436.64529,0,3621.834804,333.7280647,1270.623139,1108.601213,0,1870.236404,10944.24983,1380.112645,0,9761.023812,25453.30693,81275.4035,944.6101649,1724.432559,1734.610798,7001.423958,250.3184742,1001.201787,1059.2686,1264.407236,7265.042476,7445.861013,1169.965266,1111.274013,7207.745766,2463.385911,271.7701527,209.4274436,273.1964327,416.2212771,1261.47163,1208.546439,1326.980097,1199.27925,0,2.821629013,0,0,13.48330989,3.054564137,0,40.220527,4.193419413,0,14.63943502,1.348926879,1.974018501,1.496107885,0,6.395124967,27.10043992,5.237672593,0,20.12828116,61.99928343,330.2258627
CDF-S_0187,2.30475,1.52E+42,0.732878431,0,0,0,0,369.7267655,0,0,353.2154601,0,0,1190.066778,0,0,0,790.5285003,445.8753681,0,230.6068894,0,0,0,6364.203263,616.9322849,887.7180742,903.3481591,5899.230316,294.1103494,811.0080677,772.8995422,1663.915712,6043.811589,6156.497861,1257.717334,1235.591018,5923.082123,1223.879917,285.441538,267.188936,325.4531601,331.324452,1464.537081,971.8130932,920.1474622,798.1104122,0,0,0,0,264.409769,0,0,20.98164668,0,0,56.99037204,0,0,0,131.7359094,19.54111263,0,12.2634443,0,0,0,378.0453558
UDS_0085,2.303366667,1.97E+44,1.16629,58.42780048,303.3186287,368.8459525,0,17.84213098,170.7116227,0,565.6950363,85.96123155,256.3025262,0,802.8801877,316.3666736,0,136.6607484,123.4775475,4277.795679,276.8382604,1325.325071,23.86135688,1519.815495,10216.11191,197.4880817,315.1828852,305.5694271,1432.314727,68.93383777,268.5366678,249.9241946,341.8042906,1392.746135,1413.890993,359.9848936,340.8652641,1458.910143,435.066383,86.34878514,70.77717273,92.15789531,135.7672817,383.6067428,317.1739856,311.8723478,388.910942,3.74636927,20.71565769,24.31777935,0,0.923413753,7.62853217,0,20.23403883,5.684816867,16.94988424,0,30.4579343,20.39891117,0,6.244962409,4.828867622,156.461213,10.04146432,47.60542613,1.066284332,67.0628608,365.4145642
AEGIS_0479,2.303,3.83E+44,14.41259317,0,2133.764517,0,0,2246.508627,0,0,12189.45329,3559.412062,0,0,1425.754561,518.3557407,1977.093921,1654.740653,1997.187897,9651.518218,1187.187047,0,7510.071127,15278.27792,47104.46845,314.8683806,543.4429318,562.5840883,2264.218102,86.9001166,347.3645063,327.9510917,445.168516,2150.323588,2191.802917,412.766758,394.567936,2308.504823,806.5118237,100.6243085,81.19600316,100.3442275,144.7638323,450.0009067,424.9449018,405.7448568,398.1731345,0,5.254369574,0,0,6.633783263,0,0,76.12530591,8.444446888,0,0,9.171353221,1.394119412,4.947885724,5.990921399,10.67969355,37.32033762,6.918076376,0,26.22769583,60.24294338,294.1757915
CDF-N_0321,2.30266,2.44E+43,0.255829338,38.0464585,0,123.7620462,0,245.9440593,94.32083986,0,242.3075352,0,353.296192,89.22251292,0,221.77388,0,0,0,498.8274873,0,406.0846444,0,14.79230032,0,122.5437904,173.3169267,168.2504949,1198.389877,75.20557277,192.5799547,200.8020369,250.7778383,1121.55488,1118.73369,297.1080581,270.6057025,1201.642571,230.910638,79.54029975,49.14099219,67.01683098,68.29721786,495.5846332,223.1112472,230.5378568,402.2299777,3.110248914,0,10.21090626,0,22.97403568,7.919545134,0,36.38828719,0,33.93489567,13.21788605,0,19.48697163,0,0,0,45.39574072,0,60.98334768,0,1.302332161,0
UDS_0051,2.2982,1.37E+44,4.985236968,2354.102324,27.11068656,0,1131.903703,387.381453,123.9190426,0,9535.949155,0,3157.491351,1933.325106,0,0,2550.430324,603.963751,0,15799.70893,1290.211915,2579.629248,3151.892909,5996.587609,0,291.7943515,518.7296823,541.6442512,2140.095217,97.62796291,171.5859589,235.9625161,427.4025499,2122.432254,2166.197444,414.9878073,379.2438508,2187.632171,774.304666,180.6923544,86.65374238,138.4096481,169.2038859,456.6532026,279.0688062,405.5270194,352.359782,445.7764406,2.271024058,0,38.46192788,10.37386986,4.91280107,0,309.2290035,0,378.9739098,58.40687826,0,0,147.2704234,19.85279737,0,409.2378238,39.16877877,83.6514718,124.9575734,239.4138578,0
UDS_0127,2.2922,1.95E+44,1.527706109,544.6147237,0,0,752.6610835,733.4719094,398.6217308,0,153.5271928,0,1227.182039,0,710.7980524,0,806.4302797,292.0692863,0,2396.474805,323.387794,4500.586221,820.4332928,2155.036893,4917.219421,195.720671,349.8386694,385.570529,1537.603231,66.98575827,191.1310852,224.4033274,410.8145068,1373.884358,1398.672362,463.614597,407.3206144,1572.063059,540.978976,82.17025127,73.82967153,102.5492143,112.1508641,559.4887291,243.8819042,292.6114051,470.6382554,12.78982832,0,0,17.49186427,13.60596195,6.747778196,0,2.209204564,0,30.20389927,0,10.00916794,0,18.27545722,3.899116924,0,32.27508573,4.421884472,64.761919,13.88810859,29.89574674,70.75713034
AEGIS_0372,2.29085,6.22E+42,0.802654169,89.98137856,194.7231638,0,486.023796,556.2588854,243.4504329,115.9413827,0,423.281834,0,249.0721394,254.1458187,0,166.1729405,112.8870877,0,458.0359704,382.1162106,2662.378425,0,1238.732101,927.9278347,250.584192,449.3754424,521.0421343,2347.393887,111.9225637,317.739698,286.1758882,510.6837668,1897.431397,1919.694347,430.4573516,422.2006721,2409.719292,714.3250857,124.4592992,101.5967459,124.0750599,133.103091,500.5321913,425.9286883,391.2649245,339.1948016,2.933561125,6.223120415,0,14.5526823,14.27478043,5.928368789,3.194449305,0,15.18915004,0,6.378274076,6.508201564,0,4.995737185,2.651808415,0,10.83846381,9.756477749,71.39174213,0,34.12989224,24.88240742
CDF-N_0209,2.2403,2.34E+44,1.462503955,1015.90466,0,0,260.2116513,1033.239858,973.8555038,1233.820088,5792.138682,1393.538428,0,0,0,0,864.0673002,640.7369364,1322.919101,1883.059945,2803.564224,663.741432,4571.890262,13939.80926,54907.93187,488.0889152,871.6126974,920.7386502,3318.499208,134.925212,283.6137962,284.9705273,621.9170185,3438.306927,3500.924619,537.21335,499.5113783,3416.07175,1300.960498,145.267751,107.8243972,146.7134159,210.796883,604.6815059,403.4903108,431.5819644,415.2350089,2.399861309,0,0,0.735026579,3.282524797,3.553644908,5.57127715,51.43939811,3.023096852,0,0,0,0,2.120418518,2.488122123,8.812854151,8.729162262,22.24844903,5.89462056,16.68304434,62.9447855,487.6317923
AEGIS_0499,2.232933333,1.85E+43,1.385622813,74.69171784,67.36717535,141.269371,208.5765542,189.5419517,133.6432672,0,0,236.4096692,411.8007504,0,340.4194303,0,0,66.58728663,53.43682532,3468.557387,191.9535064,1384.926013,0,415.6553839,1585.906798,126.6654265,231.0026603,254.9291927,1025.032531,39.22493227,158.403401,168.8675164,275.4574889,836.4169713,853.7478259,310.1983773,281.4503552,1043.867196,356.92543,56.04353379,47.73696992,53.00234249,59.0747058,644.3491903,176.3939263,190.7868699,525.0316885,3.174935718,2.603277345,5.258609004,7.203348083,5.687396039,3.630823837,0,0,11.66096274,20.31216922,0,7.796721079,0,0,1.508190785,1.178233171,78.68231793,4.31702772,31.62979242,0,9.842971794,36.21991524
CDF-S_0269,2.22644,1.25E+42,3.246198527,341.0688655,0,312.8835817,0,149.5937011,0,687.375036,0,966.1667711,0,745.8757128,0,226.8244587,65.13058199,0,49.96648407,2094.95223,177.859203,182.312223,221.1341814,0,4779.647548,56.70526164,83.84438042,88.55085189,567.3363249,30.61180553,167.0504312,142.6610417,216.5169417,562.2430484,574.6170414,115.3128197,112.379437,570.2482575,110.2018925,35.03067418,23.59355651,30.61275637,32.9874091,141.7789116,185.9621521,158.7133316,139.3259178,8.761263976,0,8.434776464,0,4.20841821,0,24.84259698,0,24.07647166,0,55.47301542,0,6.265330043,1.715416754,0,2.743618385,80.31202804,11.32487414,13.53734919,6.737251886,0,354.9063074
CDF-N_0408,2.2242,2.62E+43,0.253601534,95.25114601,273.9992241,657.5584712,386.4426518,284.2047578,0,0,0,608.8282273,0,0,346.4515707,0,39.34113606,663.3261905,0,719.7479786,57.55967232,783.0393895,11.48139842,553.6553515,434.2917935,165.2711726,224.0612931,425.5961576,2606.402939,117.8036175,375.779771,349.2882848,689.7675458,1869.752118,1863.968981,569.5066992,532.1247707,2655.424413,501.4562194,125.8505139,109.3543271,125.6900584,133.9876204,617.852933,456.1740645,449.2959238,407.7052565,28.885408,78.89535444,133.0844606,64.8759868,26.30956297,0,0,0,192.546273,0,0,15.96954505,0,9.429895387,56.677057,0,49.04024779,2.801687316,38.29516089,0.86336346,44.85447742,21.23938378
CDF-N_0338,2.2165,1.60E+43,0.611400394,0,48.83262764,306.7714488,403.797365,199.5467045,0,0,323.1489206,185.3975614,0,193.9846024,0,0,36.46631019,40.98642303,0,140.7919273,4.059429951,92.82356204,0,222.3633194,87.70396137,96.83154922,129.4271726,210.5019794,1297.958452,77.63002166,122.0396217,118.463276,509.6526581,962.6581919,959.8575812,355.8196387,351.4314956,1312.548868,250.1600497,79.24478527,72.26496786,82.45699653,89.81885954,465.3779892,123.2300271,131.4082591,147.0542226,0,9.83124234,58.76283777,67.81516633,20.44723877,0,0,11.13318457,38.60102122,0,6.251579055,0,0,6.98521286,2.450558457,0,7.351933429,0.14714164,3.197974008,0,12.61456948,3.021592607
CDF-N_0512,2.2161,2.61E+42,0.432056307,31.38840739,89.71822603,0,229.3062598,0,82.80931127,0,1032.535639,0,535.0665506,406.0780342,240.8572036,0,28.50851675,139.0581534,12.46924591,2562.355547,558.2444279,708.4897108,0,4369.937247,2339.596447,60.51983039,89.58411654,163.6181566,894.4701724,39.21112099,60.99870918,85.74941224,249.7512992,687.1373912,684.3443576,212.3597976,207.0382821,908.3756054,196.6890385,59.00365178,42.57496173,82.97650272,64.71123912,264.3328462,111.1495823,219.6966995,198.2478417,1.839868016,5.209992342,0,12.37652327,0,3.624220962,0,43.55290898,0,34.23473884,16.81399093,9.972888199,0,1.616209364,6.522490456,0.427885428,120.5187943,22.62436782,29.88447732,0,235.9358739,98.68543735
UDS_0252,2.2086,9.11E+43,1.807954174,344.1578145,0,432.7743456,1081.53921,774.0148818,1063.193336,0,6053.891068,0,859.3003279,1288.49839,0,0,856.6691942,367.3529339,592.8696926,7100.607132,374.6182803,0,466.5764774,4156.990458,14733.99422,169.3713744,249.2411048,226.7362858,1587.568879,86.25047781,482.5731652,466.5226261,553.8309823,1603.023726,1627.294773,508.8574106,494.405644,1587.976396,309.301466,109.9866829,81.03759674,98.7921584,180.3348144,501.3130731,531.952132,534.4129507,625.7703875,6.887555708,0,9.869776336,26.61377017,19.07288154,25.52503776,0,171.93502,0,16.10130534,35.20645607,0,0,19.53704841,7.754965895,14.97000611,158.3492038,9.484465757,0,11.20152074,98.30534433,418.4564212
COSMOS_0943,2.2046,6.49E+43,6.226359533,0,45.41483059,0,0,660.0875207,549.6795594,0,1105.262374,0,620.1764502,2861.518041,0,412.1154037,460.9788685,551.8072451,0,12873.42158,467.8496984,0,437.9000668,2768.11297,16984.25453,169.1949258,256.7078172,191.7472943,987.3405304,55.61425212,259.4267286,292.7892481,393.7509747,1268.321201,1284.477124,388.6084188,364.3620849,999.6926575,311.8166265,86.72879491,60.88864365,76.55353488,108.6342984,408.587066,305.5252556,349.8963731,460.592538,0,0.856898538,0,0,13.73486319,10.59767932,0,15.90642542,0,13.39528122,41.53998644,0,8.423620246,8.581572679,8.520117639,0,184.9941764,6.809812497,0,8.442599698,44.55181394,244.4295439
AEGIS_0524,2.1918,1.22E+43,0.328998289,321.1528806,0,70.46256476,563.5312499,781.839398,118.1551729,176.3225451,366.3868147,0,0,269.7625135,244.9382377,0,83.11252487,405.9464324,0,110.0012573,321.7406356,972.9859058,0,0,1079.412031,353.9992699,637.4548606,694.5789436,2727.060453,116.7377088,181.4964847,238.7632085,564.911708,2486.649948,2535.134633,548.6978765,526.007835,2781.777722,973.2758451,129.1152253,114.5563911,182.6432516,134.4227298,600.8835898,315.6658602,487.6060961,441.2069737,9.130376399,0,1.796861489,13.50264629,16.06100304,2.339135645,3.500274827,8.880294526,0,0,6.402919201,5.813705266,0,2.277799524,7.868647665,0,2.134944559,7.358049525,23.58273023,0,0,26.16223172
UDS_0843,2.1713,2.15E+43,0.808416687,140.6604126,112.3995809,252.8638631,0,112.0860508,177.4250776,0,394.8879059,0,0,0,277.7757349,205.5423041,0,172.6808143,0,179.6116593,0,244.8350722,0,83.05140428,1002.076708,150.5661492,275.488122,358.6829392,1645.742523,70.36136686,107.566845,114.7226879,530.5777235,1198.63456,1207.595678,319.2834988,315.699201,1675.086281,475.7639188,66.97890576,68.79292184,71.45054417,73.15387334,503.8778803,110.490881,119.8764459,131.2722861,38.69342998,31.17472354,64.33684785,0,20.57138986,23.09362093,0,17.89612999,0,0,0,11.48647609,57.83511085,0,15.25327752,0,12.32683746,0,11.09580773,0,6.858051616,45.41363451
AEGIS_0459,2.15455,4.91E+42,4.212756373,0,0,0,3.322740034,632.2904391,0,0,2966.90849,1490.835194,0,0,451.6652158,0,0,0,0,4884.02605,843.9480596,702.7325967,1393.783444,0,5829.71779,365.1402277,623.9206674,632.9947284,2376.631748,100.8358341,225.5818939,260.2748178,433.2221696,2658.182556,2709.941004,452.9434536,397.1295582,2423.903049,895.9974998,145.814237,80.5872584,131.0664146,136.2676133,514.6689422,297.0248013,373.5138566,432.9367421,0,0,0,0.12607384,37.84302284,0,0,812.5483404,42.11422196,0,0,90.13670541,0,0,0,0,85.26807242,145.0474561,192.4576397,85.66863504,0,1596.586997
CDF-S_0411,2.1283,8.82E+41,0.685743407,3056.771671,101.79433,1802.29444,1538.934378,583.0434796,0,0,0,0,2301.336758,829.7454165,622.444959,48.31304523,0,398.1004579,144.2087831,408.4743554,406.4226003,0,534.4903165,0,4031.147035,722.2357733,1318.09761,1391.037283,5029.387503,183.2129586,387.2396065,361.1727279,6389.63696,4841.140875,4963.131237,1023.96724,927.3086077,5151.716863,2006.742409,180.4472066,152.277564,184.0871538,197.9529841,9539.690575,392.3767747,368.2825641,3347.353736,1076.997479,24.46851465,201.1454391,84.07662309,22.65526719,0,0,0,0,530.4171396,61.96981851,46.48751337,2.639487266,0,14.01365785,7.309170293,14.48500458,21.29522772,0,19.91964414,0,293.3831571
CDF-S_0475,2.1048,9.97E+41,1.024995814,0,0,64.7590919,299.1958217,83.55833323,165.8815967,0,2042.841136,0,581.4760322,335.3186182,0,0,60.01546781,193.2704044,13.33336444,1434.276163,133.9317999,0,279.685181,1943.63363,1769.044016,128.4663776,216.5016625,225.3525794,874.1246373,35.98099804,64.55883547,87.33703773,178.5585178,932.004797,951.5001013,171.8074354,159.5741642,880.2768771,322.7543834,42.89657145,34.65566043,55.30477495,48.35080365,186.4840097,102.2350005,156.9059398,142.1547066,0,0,3.513602945,17.8481575,4.577762754,9.663851981,0,174.0136076,0,31.31074695,27.74779767,0,0,3.189770302,12.77494205,0.846503679,84.67514942,10.17487389,0,16.29376763,144.0398686,150.6909793
COSMOS_2368,2.0956,5.52E+44,7.671776364,1.473824672,82.70543823,109.2302992,143.413422,147.9167944,369.7819953,1420.364036,6459.434234,921.254794,2506.627046,960.3547153,1354.970711,68.80607799,0,220.6845208,0,21738.02408,1412.00873,3771.811945,685.9978702,887.4826092,13484.58428,12.25107569,13.23876831,12.556336,42.43684043,15.85456308,26.06661986,31.57264447,48.30313038,40.12198627,41.19963924,38.88241812,39.15648476,42.78331424,13.29201308,20.06038203,33.39095933,29.07637561,58.17658825,64.34702696,51.34961214,57.04540745,136.7616639,0.027748007,1.698854543,2.327476702,3.597438773,3.276914416,7.431615497,24.21811806,100.7538021,15.82866667,42.95574944,12.23144577,16.95060104,1.618105163,0,2.902562231,0,280.7619838,17.43661296,47.06262255,13.78669721,15.13214786,210.3315998
CDF-S_0089,2.0828,-6.51E+41,0.573691252,0,0,60.09845441,0,63.32939456,201.0500659,647.0990558,4177.844688,430.4662776,298.5908906,449.8686649,320.7307414,0,33.09377443,0,214.5338306,1356.818918,380.8288828,1799.130395,455.4038868,0,7160.121757,40.48890823,36.6242245,39.34112182,46.12646147,34.72807406,42.50894465,45.44300018,71.91514035,46.65085299,45.39729369,66.43480165,59.91830561,44.9087641,37.64399348,44.45946967,54.12151541,60.93492314,80.31897628,84.72025655,290.132041,345.2784968,496.6000671,0,0,3.550302518,0,3.664655397,12.28482161,34.41162669,614.0641538,30.361991,20.81032796,59.83550408,40.57752401,0,2.053601437,0,6.94349288,71.60281844,22.45984169,276.6984863,27.82667832,0,1052.402479
UDS_0666,2.08185,7.05E+42,0.307566824,0,0,116.4159506,74.40867828,59.021355,0,0,284.9304,118.5493526,52.68565068,175.2965095,0,53.9388131,0,223.102188,0,173.6733799,53.91666377,0,0,342.9962229,435.8448348,210.6088729,391.5417693,423.7164771,1666.756698,75.16172724,103.82574,114.6355594,302.7324036,1469.504488,1498.361456,275.4727742,269.3414934,1699.760899,594.9279561,77.7439209,57.14599899,73.7801964,76.8958418,307.278126,173.198659,199.4134067,185.6805524,0,0,18.5610729,11.73574184,6.601892102,0,0,20.63524291,22.07759362,9.811714358,12.13885293,0,8.5072333,0,20.27518185,0,13.76414244,3.85682555,0,0,31.26580831,31.56477525
CDF-S_0005,2.0373,1.42E+42,9.585432309,104.243255,0,218.4956724,0,394.9418588,0,1328.25202,0,0,1490.094447,0,2268.378628,120.0086591,0,0,184.1166927,11620.43254,1129.070522,0,1297.731422,2722.457076,19836.29525,190.3626368,296.008391,464.308307,2414.801139,109.6503329,457.7289289,500.5745932,1021.935252,1501.111664,1424.293442,649.6292293,626.4419809,2415.962927,586.5700932,152.0292042,118.9742505,122.9524161,182.1058304,797.4840193,529.5159196,601.4967146,574.8395213,0.893613885,0,2.03558342,0,4.028614235,0,17.53890254,0,0,11.99637731,0,47.76391787,1.123918322,0,0,2.941317107,142.6329065,21.74359314,0,14.91386642,35.9486819,447.4588491
CDF-S_0357,2.03572,1.23E+43,0.301444786,571.7026982,127.8388128,188.1957753,0,210.0415339,207.0061592,0,0,0,560.4047222,0,142.5769386,183.7963323,201.4787067,0,0,411.3101584,131.5953656,1060.946604,908.66397,1454.132191,1505.057182,374.8016808,658.892524,707.2102597,2807.654806,115.1903858,213.1737017,225.7669757,485.1375163,2752.769784,2804.775662,442.4758932,429.2918893,2860.417604,990.7152465,117.8210007,97.79357602,135.9247915,116.5125546,504.1791195,328.5873901,367.1468034,324.8607489,598.7240761,62.05058432,54.1578127,0,27.4059082,37.53888415,0,0,0,732.2097032,0,11.5268063,35.20780687,97.7940205,0,0,45.08440019,12.12037848,95.74782977,164.7788241,269.3308941,132.4514493
CDF-S_0696,2.0343,9.91E+42,0.356733598,1227.651442,236.1901804,288.8890709,0,169.9588435,62.45120561,189.4723617,0,606.7535783,230.4634061,352.4428468,543.9988858,672.5476702,687.2232264,308.9147248,418.3688388,821.624936,0,0,0,118.1721227,5068.669769,212.094563,418.3098164,706.5454647,3342.125812,128.1756422,757.6102038,626.3210625,1377.031171,1959.843972,1915.964385,658.6044733,633.2696274,3384.211639,869.6948495,123.2610037,129.7926207,131.1183143,162.8362032,911.6286811,838.3107218,682.2559069,782.3430556,116.912949,20.11881488,20.93829544,0,6.920950264,2.398554879,9.538425763,0,42.78293892,16.2502574,17.85679687,27.56213578,33.38214836,58.53806815,14.8159164,19.8317434,38.94974232,0,0,0,5.949026072,251.3793151
AEGIS_0669,2.025133333,1.40E+44,0.662128428,14.76118468,113.6872959,61.54255282,37.855056,92.05169981,71.57803888,164.9428628,1037.718597,130.4703972,618.60784,322.7706515,217.8174997,0,140.971689,0,37.56161836,1048.543109,395.4860135,1409.145289,3736.422541,9932.602724,31082.1723,37.64095403,38.92544857,32.81223402,72.47723458,37.38386333,43.1814095,51.67090604,71.14071755,61.2502076,61.67875255,79.3922831,77.66825323,78.38991115,35.77695839,48.47509444,53.03516306,60.49625089,94.1390105,99.90456862,250.2286805,313.7390184,509.7187716,0.37654331,3.346417937,1.712140481,1.273555102,2.319426101,1.630561974,4.959605904,51.22973462,3.107049137,13.39903347,11.72938191,7.756009897,0,1.883473889,0,0.694070487,19.94070999,11.75907668,57.69700663,85.11644922,298.6597557,1534.453987
CDF-N_0033,2.0195,4.01E+43,10.51962114,0,0,1318.779239,0,1186.343998,0,0,5726.793102,0,97.57878451,0,0,918.1924763,1426.915348,2374.344092,157.4916727,23164.67363,0,10263.37207,1717.846567,6641.380608,28869.04651,386.3781701,748.6431654,837.02068,2797.339226,99.01610245,295.0479016,457.6800905,1111.185549,2370.878038,2437.219246,1046.960783,959.9268269,2874.127656,1189.248003,174.6893371,173.3206451,166.599879,286.5613169,992.6751686,393.3987097,662.6954912,835.8217928,0,0,17.58724009,0,16.99317361,0,0,39.31694066,0,1.49141067,0,0,12.68782502,17.95029634,28.55739045,1.372841674,224.9683368,0,70.46254045,22.32970068,77.34919347,198.1986372
AEGIS_0631,2.01815,1.73E+43,0.308334357,642.5523969,0,98.66251751,0,56.48098478,117.6704492,839.9673537,0,377.9465123,0,0,469.275619,452.9709747,0,1065.085072,0,1174.614518,0,0,0,696.0723665,1993.742026,956.9269116,1797.590036,1955.665022,6991.637515,238.6644981,526.5760748,524.5947144,1432.69715,6031.72341,6184.589508,1129.210935,1113.116619,7167.357982,2798.738386,234.7026636,248.2088844,237.8304031,255.8415276,1332.24632,690.371594,681.5514462,639.9342871,127.7828818,0,22.54323414,0,4.155537218,5.886800233,47.90461973,0,69.22082872,0,0,11.14512938,81.1824489,0,55.71606954,0,58.09033642,0,0,0,39.69806907,50.51061755
AEGIS_0538,2.0143,5.74E+43,0.660673985,1287.539128,1329.620318,1206.404753,0,551.945359,1052.091634,455.9028934,0,1273.033853,0,0,234.027201,1052.232996,0,668.5393558,607.1775022,1249.012444,379.7698496,5078.073056,2058.284765,14639.72413,10205.63666,464.1498685,825.21919,881.9012811,3478.71411,135.0623475,189.8756935,261.7553172,619.1612376,3102.140497,3162.33197,537.1922911,518.3890947,3564.420739,1247.666136,138.514628,109.3440687,200.2666402,181.4214002,647.6321939,322.5826661,549.322302,477.7088955,12.66921899,13.05401761,11.48226392,0,4.89891389,11.46538373,9.221586232,0,12.36980203,0,0,5.949474644,9.724056159,0,7.750735687,9.500223058,20.33595356,7.402859526,128.2382745,22.43057915,296.1189333,243.1028208
CDF-N_0023,2.006875,1.33E+42,7.882374014,0,0,2715.332041,0,1178.896216,1808.648995,4734.997871,31854.38949,0,11902.60731,0,3889.923339,1930.586577,0,1260.384478,972.6519467,16997.73985,528.7924043,0,0,9191.619668,24166.87072,1091.35529,2009.39062,2182.941453,8021.780192,261.879096,337.0767287,418.9828921,1198.463029,7221.222485,7383.716544,980.6501044,959.8206367,8222.184,3107.240034,352.2245686,220.6698603,369.0016898,396.5970882,1248.907353,709.1378179,1179.153391,916.6049512,0,0,16.66909949,0,7.928700355,13.73889904,57.66002259,1312.90786,0,70.36436087,0,224.985495,13.35870091,0,12.52578206,16.11889996,205.0772134,12.59816125,0,0,111.9301449,996.0597277
CDF-N_0056,2.0037,1.15E+42,2.44048786,4.599511708,28.63555588,41.20308422,88.11312158,38.17016568,1576.636632,4164.213801,23119.62136,4187.29187,2784.912247,1481.275452,1323.723741,24.8708453,0,0,693.250899,18328.29618,601.1582593,5187.912415,413.7677651,883.9759963,107.2452587,23.80826598,24.22398273,26.43530249,36.43952612,29.7351801,35.57637424,40.84009158,58.54513872,42.80315893,41.88385566,52.40919834,51.78145417,38.69775521,27.18990989,31.25371458,45.90325865,48.98357697,87.20453259,68.54771167,92.7133932,111.0835985,172.2335335,0.058739732,0.376085387,0.549578747,1.354291005,0.602801642,21.92077509,51.2181011,418.6043362,56.51028051,36.56243074,26.87305883,24.28738568,0.36172657,0,0,10.87881577,207.9494342,9.967972866,91.95494663,5.752822137,10.8725378,1.941784843
